[
  {
    "Item": "2",
    "Descrição": "TOUCA DE CETIM DUPLA FACE-3 ELEFANTES",
    "Quantidade": 4,
    "Unidade": "UNID",
    "Valor Unitário (R$)": "7.00",
    "Valor Total (R$)": "28.00",
    "Valor Venda (R$)": 16,
    "Vendido (QNTD)": 4,
    "Total Vendido (R$)": "64.00",
    "Lucro (R$)": "36.00",
    "ESTOQUE ": 0,
    "A GANHAR (R$)": "0.00",
    "": "",
    "Imagem": "https://cdn.awsli.com.br/2500x2500/1994/1994328/produto/180901919/a5be057c50.jpg"
  },
  {
    "Item": "3",
    "Descrição": "TOUCA DE CETIM NORMAL - GK",
    "Quantidade": 4,
    "Unidade": "UNID",
    "Valor Unitário (R$)": 3.5,
    "Valor Total (R$)": "14.00",
    "Valor Venda (R$)": 10,
    "Vendido (QNTD)": 0,
    "Total Vendido (R$)": "0.00",
    "Lucro (R$)": "-14.00",
    "ESTOQUE ": 4,
    "A GANHAR (R$)": "40.00",
    "": "",
    "Imagem": "/uploads/1763647037876-206666428.jpg"
  },
  {
    "Item": "4",
    "Descrição": "GLOSS HIDRATANTE HONEY KISS-DAPOP",
    "Quantidade": "1",
    "Unidade": "UNID",
    "Valor Unitário (R$)": "9.00",
    "Valor Total (R$)": "9.00",
    "Valor Venda (R$)": "20.00",
    "Vendido (QNTD)": 0,
    "Total Vendido (R$)": "0.00",
    "Lucro (R$)": "-9.00",
    "ESTOQUE ": 1,
    "A GANHAR (R$)": "20.00",
    "": "",
    "Imagem": "https://www.kimake.com.br/image/cache/data/eftr/Img_ftr_rp_1351102-1160x1160.JPG?version=20250812145431"
  },
  {
    "Item": "5",
    "Descrição": "GLOSS HIDRATANTE HONEY KISS GLOW-DAPOP",
    "Quantidade": "1",
    "Unidade": "UNID",
    "Valor Unitário (R$)": "9.00",
    "Valor Total (R$)": "9.00",
    "Valor Venda (R$)": "20.00",
    "Vendido (QNTD)": 1,
    "Total Vendido (R$)": "20.00",
    "Lucro (R$)": "11.00",
    "ESTOQUE ": 0,
    "A GANHAR (R$)": "0.00",
    "": "",
    "Imagem": "https://cdn.awsli.com.br/2500x2500/2314/2314809/produto/248952146/whatsapp-image-2024-01-12-at-17-22-37--2--6gg9p8vnov.jpeg"
  },
  {
    "Item": "6",
    "Descrição": "LIP OIL NUTRITIVO MELANCIA - DAPOP",
    "Quantidade": 1,
    "Unidade": "UNID",
    "Valor Unitário (R$)": 8,
    "Valor Total (R$)": "8.00",
    "Valor Venda (R$)": 20,
    "Vendido (QNTD)": 0,
    "Total Vendido (R$)": "0.00",
    "Lucro (R$)": "-8.00",
    "ESTOQUE ": 1,
    "A GANHAR (R$)": "20.00",
    "": "",
    "Imagem": "https://s11.aconvert.com/convert/p3r68-cdx67/3zh66-kygas.jpg"
  },
  {
    "Item": "7",
    "Descrição": "PO COMPACTO MULT-D COR 3.5 - ΜΙΑ ΜΑΚΕ ",
    "Quantidade": 1,
    "Unidade": "UNID",
    "Valor Unitário (R$)": 6,
    "Valor Total (R$)": "6.00",
    "Valor Venda (R$)": 13,
    "Vendido (QNTD)": 0,
    "Total Vendido (R$)": "0.00",
    "Lucro (R$)": "-6.00",
    "ESTOQUE ": 1,
    "A GANHAR (R$)": "13.00",
    "": "",
    "Imagem": "https://i.ibb.co/hJL52LqV/pocompactomultidmiamakefacecorjpg-bf92ff243425eb352417005360185439-1024-1024-8ca88657c94c6c3d6a17005.webp"
  },
  {
    "Item": "8",
    "Descrição": "PO COMPACTO MULT-D COR 4 MIA MΑΚΕ-ΜΙΑ ΜAKE",
    "Quantidade": 1,
    "Unidade": "UNID",
    "Valor Unitário (R$)": 6,
    "Valor Total (R$)": "6.00",
    "Valor Venda (R$)": 13,
    "Vendido (QNTD)": 0,
    "Total Vendido (R$)": "0.00",
    "Lucro (R$)": "-6.00",
    "ESTOQUE ": 1,
    "A GANHAR (R$)": "13.00",
    "": "",
    "Imagem": "https://i.ibb.co/C5fsfGtJ/pocompactomultidmiamakefacecorjpg-02fdbb6d1dda7f979717005360056509-1024-1024-ed40cad563a1369f0a17005.webp"
  },
  {
    "Item": "9",
    "Descrição": "PO COMPACTO MULT-D COR 05 ΜΙΑ ΜΑΚΕ - ΜΙΑ ΜΑKE",
    "Quantidade": 1,
    "Unidade": "UNID",
    "Valor Unitário (R$)": 6,
    "Valor Total (R$)": "6.00",
    "Valor Venda (R$)": 13,
    "Vendido (QNTD)": 1,
    "Total Vendido (R$)": "13.00",
    "Lucro (R$)": "7.00",
    "ESTOQUE ": 0,
    "A GANHAR (R$)": "0.00",
    "": "",
    "Imagem": "https://i.ibb.co/r2Pj8gcQ/pocompactomultidmiamakefacecorjpg-5c3c2673fdbf21919817005359922842-1024-1024-bc9a42b491779091e217005.webp"
  },
  {
    "Item": "10",
    "Descrição": "BLUSH COMPACTO CHOCO FUN FENZZA-3ELEFANTES",
    "Quantidade": 3,
    "Unidade": "UNID",
    "Valor Unitário (R$)": 8,
    "Valor Total (R$)": "24.00",
    "Valor Venda (R$)": 15,
    "Vendido (QNTD)": 0,
    "Total Vendido (R$)": "0.00",
    "Lucro (R$)": "-24.00",
    "ESTOQUE ": 3,
    "A GANHAR (R$)": "45.00",
    "": "",
    "Imagem": "https://s11.aconvert.com/convert/p3r68-cdx67/a0rwc-qxesz.jpg"
  },
  {
    "Item": "11",
    "Descrição": "SERUM EFEITO SECATIVO DERMA CHEM 30ML-DERMACHEM",
    "Quantidade": "1",
    "Unidade": "UNID",
    "Valor Unitário (R$)": "9.90",
    "Valor Total (R$)": "9.90",
    "Valor Venda (R$)": "15.00",
    "Vendido (QNTD)": 1,
    "Total Vendido (R$)": "15.00",
    "Lucro (R$)": "5.10",
    "ESTOQUE ": 0,
    "A GANHAR (R$)": "0.00",
    "": "",
    "Imagem": "https://loja10makeup.com.br/wp-content/uploads/2024/06/serum.png"
  },
  {
    "Item": "12",
    "Descrição": "SERUM FACIAL ROSA MOSQUETA 30ML-DERMACHEM",
    "Quantidade": "1",
    "Unidade": "UNID",
    "Valor Unitário (R$)": "9.90",
    "Valor Total (R$)": "9.90",
    "Valor Venda (R$)": "15.00",
    "Vendido (QNTD)": 1,
    "Total Vendido (R$)": "15.00",
    "Lucro (R$)": "5.10",
    "ESTOQUE ": 0,
    "A GANHAR (R$)": "0.00",
    "": "",
    "Imagem": "https://images.tcdn.com.br/img/img_prod/499963/serum_facial_rosa_mosqueta_30ml_dermachem_56876_1_ad3b435547465c124466dcb5c0a4fe1c.png"
  },
  {
    "Item": "13",
    "Descrição": "SERUM CLAREADOR DERMA CHEM 30ML - DERMACHEM",
    "Quantidade": "1",
    "Unidade": "UNID",
    "Valor Unitário (R$)": "9.90",
    "Valor Total (R$)": "9.90",
    "Valor Venda (R$)": "15.00",
    "Vendido (QNTD)": 1,
    "Total Vendido (R$)": "15.00",
    "Lucro (R$)": "5.10",
    "ESTOQUE ": 0,
    "A GANHAR (R$)": "0.00",
    "": "",
    "Imagem": "https://foreverfaster2.com/cdn/shop/files/1_64da8c6a-4d1d-45d2-aef1-e51eda719406_2048x2048.png?v=1746722468"
  },
  {
    "Item": "14",
    "Descrição": "BODY SPLASH BODY JUICE MORANGO 200ML - DERMACHEM",
    "Quantidade": 1,
    "Unidade": "UNID",
    "Valor Unitário (R$)": 9,
    "Valor Total (R$)": "9.00",
    "Valor Venda (R$)": 20,
    "Vendido (QNTD)": 1,
    "Total Vendido (R$)": "20.00",
    "Lucro (R$)": "11.00",
    "ESTOQUE ": 0,
    "A GANHAR (R$)": "0.00",
    "": "",
    "Imagem": "https://s11.aconvert.com/convert/p3r68-cdx67/lutvg-rbiwe.jpg"
  },
  {
    "Item": "15",
    "Descrição": "BODY SPLASH BODY JUICE MELANCIA 200ML - DERMACHEM",
    "Quantidade": 1,
    "Unidade": "UNID",
    "Valor Unitário (R$)": 9,
    "Valor Total (R$)": "9.00",
    "Valor Venda (R$)": 20,
    "Vendido (QNTD)": 0,
    "Total Vendido (R$)": "0.00",
    "Lucro (R$)": "-9.00",
    "ESTOQUE ": 1,
    "A GANHAR (R$)": "20.00",
    "": "",
    "Imagem": "https://s11.aconvert.com/convert/p3r68-cdx67/fobh8-j0lah.jpg"
  },
  {
    "Item": "16",
    "Descrição": "BASE LIQUIDA MATTE - FEBELLA",
    "Quantidade": 6,
    "Unidade": "UNID",
    "Valor Unitário (R$)": 10,
    "Valor Total (R$)": "60.00",
    "Valor Venda (R$)": 20,
    "Vendido (QNTD)": 3,
    "Total Vendido (R$)": "60.00",
    "Lucro (R$)": "0.00",
    "ESTOQUE ": 3,
    "A GANHAR (R$)": "60.00",
    "": "",
    "Imagem": "https://s11.aconvert.com/convert/p3r68-cdx67/dx8n2-ak7xd.jpg"
  },
  {
    "Item": "17",
    "Descrição": "AGUA MICELAR VITAMINA C 250ML - DERMACHEM",
    "Quantidade": "1",
    "Unidade": "UNID",
    "Valor Unitário (R$)": "9.00",
    "Valor Total (R$)": "9.00",
    "Valor Venda (R$)": "13.00",
    "Vendido (QNTD)": 1,
    "Total Vendido (R$)": "13.00",
    "Lucro (R$)": "4.00",
    "ESTOQUE ": 0,
    "A GANHAR (R$)": "0.00",
    "": "",
    "Imagem": "https://casadamanicuredesign.com.br/wp-content/uploads/2025/05/Design-sem-nome-2.png"
  },
  {
    "Item": "18",
    "Descrição": "AGUA MICELAR COM ACIDO HIALURONICO 250ML - DERMACHEM",
    "Quantidade": "1",
    "Unidade": "UNID",
    "Valor Unitário (R$)": "9.00",
    "Valor Total (R$)": "9.00",
    "Valor Venda (R$)": "15.00",
    "Vendido (QNTD)": 0,
    "Total Vendido (R$)": "0.00",
    "Lucro (R$)": "-9.00",
    "ESTOQUE ": 1,
    "A GANHAR (R$)": "15.00",
    "": "",
    "Imagem": "https://cdn.awsli.com.br/2500x2500/2569/2569686/produto/226654597/amrm-derma_1_-900x900-co4vfq3tu7.jpg"
  },
  {
    "Item": "19",
    "Descrição": "AGUA MICELAR ACIDO SALICILICO 250ML - DERMACHEM",
    "Quantidade": "1",
    "Unidade": "UNID",
    "Valor Unitário (R$)": "9.00",
    "Valor Total (R$)": "9.00",
    "Valor Venda (R$)": "15.00",
    "Vendido (QNTD)": 0,
    "Total Vendido (R$)": "0.00",
    "Lucro (R$)": "-9.00",
    "ESTOQUE ": 1,
    "A GANHAR (R$)": "15.00",
    "": "",
    "Imagem": "https://loja10makeup.com.br/wp-content/uploads/2023/12/Inserir-um-titulo-14.png"
  },
  {
    "Item": "20",
    "Descrição": "AGUA MICELAR ROSA MOSQUETA 250ML - DERMACHEM",
    "Quantidade": "1",
    "Unidade": "UNID",
    "Valor Unitário (R$)": "9.00",
    "Valor Total (R$)": "9.00",
    "Valor Venda (R$)": "15.00",
    "Vendido (QNTD)": 0,
    "Total Vendido (R$)": "0.00",
    "Lucro (R$)": "-9.00",
    "ESTOQUE ": 1,
    "A GANHAR (R$)": "15.00",
    "": "",
    "Imagem": "https://loja10makeup.com.br/wp-content/uploads/2023/12/Inserir-um-titulo-14.png"
  },
  {
    "Item": "21",
    "Descrição": "MASCARA PARA CILIOS 2 EM 1 4D FEBELLA 15G - 3 ELEFANTES",
    "Quantidade": "5",
    "Unidade": "UNID",
    "Valor Unitário (R$)": "10.40",
    "Valor Total (R$)": "52.00",
    "Valor Venda (R$)": "20.00",
    "Vendido (QNTD)": 4,
    "Total Vendido (R$)": "80.00",
    "Lucro (R$)": "28.00",
    "ESTOQUE ": 1,
    "A GANHAR (R$)": "20.00",
    "": "",
    "Imagem": "https://lojaodamulher.com.br/wp-content/uploads/2024/12/Captura-de-tela-2024-12-09-161259-Photoroom.png"
  },
  {
    "Item": "22",
    "Descrição": "KIT PIRANHA FLOR COM 3 REF 069 - HELENA",
    "Quantidade": "1",
    "Unidade": "UNID",
    "Valor Unitário (R$)": "12.00",
    "Valor Total (R$)": "12.00",
    "Valor Venda (R$)": "20.00",
    "Vendido (QNTD)": 0,
    "Total Vendido (R$)": "0.00",
    "Lucro (R$)": "-12.00",
    "ESTOQUE ": 1,
    "A GANHAR (R$)": "20.00",
    "": "",
    "Imagem": "https://assets.isu.pub/document-structure/201203070822-ccfe8d48655dbaa1a71d2b370c9cff39/v1/2876bb0b21b21e73723dd7911d0de816.jpg"
  },
  {
    "Item": "23",
    "Descrição": "PALETA BLUSH/ILUMINADOR MY LOVE STORY - SP COLORS",
    "Quantidade": "1",
    "Unidade": "UNID",
    "Valor Unitário (R$)": "9.50",
    "Valor Total (R$)": "9.50",
    "Valor Venda (R$)": "20.00",
    "Vendido (QNTD)": 0,
    "Total Vendido (R$)": "0.00",
    "Lucro (R$)": "-9.50",
    "ESTOQUE ": 1,
    "A GANHAR (R$)": "20.00",
    "": "",
    "Imagem": "https://www.beautycreationscosmetics.com/cdn/shop/files/09.29-cb-final-dsktp.png?v=1759333962&width=2604"
  },
  {
    "Item": "24",
    "Descrição": "PALETA BLUSH/ILUMINADOR MY LOVE STORY - SP COLORS",
    "Quantidade": "1",
    "Unidade": "UNID",
    "Valor Unitário (R$)": "9.50",
    "Valor Total (R$)": "9.50",
    "Valor Venda (R$)": "20.00",
    "Vendido (QNTD)": 0,
    "Total Vendido (R$)": "0.00",
    "Lucro (R$)": "-9.50",
    "ESTOQUE ": 1,
    "A GANHAR (R$)": "20.00",
    "": "",
    "Imagem": "https://www.beautycreationscosmetics.com/cdn/shop/files/09.29-cb-final-dsktp.png?v=1759333962&width=2604"
  },
  {
    "Item": "25",
    "Descrição": "PO BANANA DAPOP - DAPOP",
    "Quantidade": "3",
    "Unidade": "UNID",
    "Valor Unitário (R$)": "7.00",
    "Valor Total (R$)": "21.00",
    "Valor Venda (R$)": "13.00",
    "Vendido (QNTD)": 0,
    "Total Vendido (R$)": "0.00",
    "Lucro (R$)": "-21.00",
    "ESTOQUE ": 3,
    "A GANHAR (R$)": "39.00",
    "": "",
    "Imagem": "https://i0.wp.com/loja10makeup.com.br/wp-content/uploads/2024/06/po-1.png"
  },
  {
    "Item": "26",
    "Descrição": "BATOM LIQUIDO MATTE TRUE HEART 3002.3.1 - VIVAI",
    "Quantidade": "2",
    "Unidade": "UNID",
    "Valor Unitário (R$)": "6.00",
    "Valor Total (R$)": "12.00",
    "Valor Venda (R$)": "10.00",
    "Vendido (QNTD)": 2,
    "Total Vendido (R$)": "20.00",
    "Lucro (R$)": "8.00",
    "ESTOQUE ": 0,
    "A GANHAR (R$)": "0.00",
    "": ""
  },
  {
    "Item": "28",
    "Descrição": "LAPIS LABIAL 11 - DAPOP",
    "Quantidade": "1",
    "Unidade": "UNID",
    "Valor Unitário (R$)": "1.90",
    "Valor Total (R$)": "1.90",
    "Valor Venda (R$)": "10.00",
    "Vendido (QNTD)": 1,
    "Total Vendido (R$)": "10.00",
    "Lucro (R$)": "8.10",
    "ESTOQUE ": 0,
    "A GANHAR (R$)": "0.00",
    "": "",
    "Imagem": "https://dapopmakeupstore.com/cdn/shop/files/HB102227_-_5_5fc0edd6-1478-4495-9769-c73c44c072f6.jpg?v=1754408681&width=1946"
  },
  {
    "Item": "29",
    "Descrição": "LAPIS LABIAL 09 - DAPOP",
    "Quantidade": "1",
    "Unidade": "UNID",
    "Valor Unitário (R$)": "1.90",
    "Valor Total (R$)": "1.90",
    "Valor Venda (R$)": "10.00",
    "Vendido (QNTD)": 0,
    "Total Vendido (R$)": "0.00",
    "Lucro (R$)": "-1.90",
    "ESTOQUE ": 1,
    "A GANHAR (R$)": "10.00",
    "": "",
    "Imagem": "https://dapopmakeupstore.com/cdn/shop/files/HB102227_-_1_b1592c77-284d-4459-84ce-725313ddb45d.jpg?v=1754408681&width=1946"
  },
  {
    "Item": "30",
    "Descrição": "LAPIS LABIAL 12 - DAPOP",
    "Quantidade": "1",
    "Unidade": "UNID",
    "Valor Unitário (R$)": "1.90",
    "Valor Total (R$)": "1.90",
    "Valor Venda (R$)": "10.00",
    "Vendido (QNTD)": 0,
    "Total Vendido (R$)": "0.00",
    "Lucro (R$)": "-1.90",
    "ESTOQUE ": 1,
    "A GANHAR (R$)": "10.00",
    "": "",
    "Imagem": "https://images.tcdn.com.br/img/img_prod/1315857/lapis_labial_colors_dapop_1089_2_7994c87bf07aaeabee2de1a023797502.jpg"
  },
  {
    "Item": "31",
    "Descrição": "LAPIS LABIAL 10 - DAPOP",
    "Quantidade": "1",
    "Unidade": "UNID",
    "Valor Unitário (R$)": "1.90",
    "Valor Total (R$)": "1.90",
    "Valor Venda (R$)": "10.00",
    "Vendido (QNTD)": 0,
    "Total Vendido (R$)": "0.00",
    "Lucro (R$)": "-1.90",
    "ESTOQUE ": 1,
    "A GANHAR (R$)": "10.00",
    "": "",
    "Imagem": "https://dapopmakeupstore.com/cdn/shop/files/HB102227_-_5_5fc0edd6-1478-4495-9769-c73c44c072f6.jpg?v=1754408681&width=1946"
  },
  {
    "Item": "32",
    "Descrição": "LAPIS LABIAL 08 - DAPOP",
    "Quantidade": "1",
    "Unidade": "UNID",
    "Valor Unitário (R$)": "1.90",
    "Valor Total (R$)": "1.90",
    "Valor Venda (R$)": "10.00",
    "Vendido (QNTD)": 0,
    "Total Vendido (R$)": "0.00",
    "Lucro (R$)": "-1.90",
    "ESTOQUE ": 1,
    "A GANHAR (R$)": "10.00",
    "": "",
    "Imagem": "https://dapopmakeupstore.com/cdn/shop/files/HB102227_-_1_b1592c77-284d-4459-84ce-725313ddb45d.jpg?v=1754408681&width=1946"
  },
  {
    "Item": "33",
    "Descrição": "LAPIS LABIAL 07 - DAPOP",
    "Quantidade": "1",
    "Unidade": "UNID",
    "Valor Unitário (R$)": "1.90",
    "Valor Total (R$)": "1.90",
    "Valor Venda (R$)": "10.00",
    "Vendido (QNTD)": 0,
    "Total Vendido (R$)": "0.00",
    "Lucro (R$)": "-1.90",
    "ESTOQUE ": 1,
    "A GANHAR (R$)": "10.00",
    "": "",
    "Imagem": "https://dapopmakeupstore.com/cdn/shop/files/HB102227_-_1_b1592c77-284d-4459-84ce-725313ddb45d.jpg?v=1754408681&width=1946"
  },
  {
    "Item": "34",
    "Descrição": "LAPIS DELINEADOR COVER DROPS - FENZZA MAKE UP",
    "Quantidade": "1",
    "Unidade": "UNID",
    "Valor Unitário (R$)": "10.00",
    "Valor Total (R$)": "10.00",
    "Valor Venda (R$)": "15.00",
    "Vendido (QNTD)": 1,
    "Total Vendido (R$)": "15.00",
    "Lucro (R$)": "5.00",
    "ESTOQUE ": 0,
    "A GANHAR (R$)": "0.00",
    "": "",
    "Imagem": "https://images.tcdn.com.br/img/img_prod/169691/lapis_de_sobrancelha_castanho_com_escova_n_2_1414_1_dec77f587dbf1677bcd3b21388957f1c_20250218085100.png"
  },
  {
    "Item": "35",
    "Descrição": "LAPIS DE OLHO BRANCO - 3ELEFANTES",
    "Quantidade": "3",
    "Unidade": "UNID",
    "Valor Unitário (R$)": "8.00",
    "Valor Total (R$)": "24.00",
    "Valor Venda (R$)": "15.00",
    "Vendido (QNTD)": 0,
    "Total Vendido (R$)": "0.00",
    "Lucro (R$)": "-24.00",
    "ESTOQUE ": 3,
    "A GANHAR (R$)": "45.00",
    "": "",
    "Imagem": "https://png.pngtree.com/png-clipart/20250105/original/pngtree-realistic-pencil-illustration-with-natural-details-and-texture-png-image_20070168.png"
  },
  {
    "Item": "36",
    "Descrição": "LAPIS DELINEADOR PARA OLHOS MARROM 1,4G - FENZZA MAKE UP",
    "Quantidade": "2",
    "Unidade": "UNID",
    "Valor Unitário (R$)": "8.00",
    "Valor Total (R$)": "16.00",
    "Valor Venda (R$)": "15.00",
    "Vendido (QNTD)": 0,
    "Total Vendido (R$)": "0.00",
    "Lucro (R$)": "-16.00",
    "ESTOQUE ": 2,
    "A GANHAR (R$)": "30.00",
    "": "",
    "Imagem": "https://images.tcdn.com.br/img/img_prod/1018221/lapis_para_olhos_marrom_com_apontador_c_24_unid_luisance_l887m_29981_2_0a79d5e2381505521a9de48753d53efa.jpg"
  },
  {
    "Item": "37",
    "Descrição": "LIP GLOSS LATIKA",
    "Quantidade": "1",
    "Unidade": "UNID",
    "Valor Unitário (R$)": "34.00",
    "Valor Total (R$)": "34.00",
    "Valor Venda (R$)": "36.00",
    "Vendido (QNTD)": 0,
    "Total Vendido (R$)": "0.00",
    "Lucro (R$)": "-34.00",
    "ESTOQUE ": 1,
    "A GANHAR (R$)": "36.00",
    "": "",
    "Imagem": "http://bighiza.com/cdn/shop/products/LiquidSheer1.jpg?v=1710361590"
  },
  {
    "Item": "38",
    "Descrição": "GLOSS HIDRA SHINE COELHINHA - PLAYBOY",
    "Quantidade": "1",
    "Unidade": "UNID",
    "Valor Unitário (R$)": "12.00",
    "Valor Total (R$)": "12.00",
    "Valor Venda (R$)": "16.00",
    "Vendido (QNTD)": 1,
    "Total Vendido (R$)": "16.00",
    "Lucro (R$)": "4.00",
    "ESTOQUE ": 0,
    "A GANHAR (R$)": "0.00",
    "": "",
    "Imagem": "http://loja.lyricscosmeticos.com.br/cdn/shop/collections/banner-labios.png?v=1755210931"
  },
  {
    "Item": "40",
    "Descrição": "LIP GLOSS BIGG KISS",
    "Quantidade": "2",
    "Unidade": "UNID",
    "Valor Unitário (R$)": "7.00",
    "Valor Total (R$)": "14.00",
    "Valor Venda (R$)": "20.00",
    "Vendido (QNTD)": 2,
    "Total Vendido (R$)": "40.00",
    "Lucro (R$)": "26.00",
    "ESTOQUE ": 0,
    "A GANHAR (R$)": "0.00",
    "": "",
    "Imagem": "http://buxomcosmetics.com/cdn/shop/files/Untitled_design_4_167e66e1-10f0-41b4-acb9-480a75f7bd19.png?v=1726161190"
  },
  {
    "Item": "41",
    "Descrição": "AMPOLA TRAT PATENE",
    "Quantidade": "6",
    "Unidade": "UNID",
    "Valor Unitário (R$)": "10.99",
    "Valor Total (R$)": "65.94",
    "Valor Venda (R$)": "25.00",
    "Vendido (QNTD)": 0,
    "Total Vendido (R$)": "0.00",
    "Lucro (R$)": "-65.94",
    "ESTOQUE ": 6,
    "A GANHAR (R$)": "150.00",
    "": "",
    "Imagem": "https://zaffari.vtexassets.com/arquivos/ids/243094/1056323-02.jpg?v=638350553714630000"
  },
  {
    "Item": "42",
    "Descrição": "HID PAIXAO (200ML)",
    "Quantidade": "4",
    "Unidade": "UNID",
    "Valor Unitário (R$)": "10.99",
    "Valor Total (R$)": "43.96",
    "Valor Venda (R$)": "20.00",
    "Vendido (QNTD)": 0,
    "Total Vendido (R$)": "0.00",
    "Lucro (R$)": "-43.96",
    "ESTOQUE ": 4,
    "A GANHAR (R$)": "80.00",
    "": "",
    "Imagem": "https://res.cloudinary.com/beleza-na-web/image/upload/w_1500,f_auto,fl_progressive,q_auto:eco,w_1800,c_limit/e_trim/v1/imagens/product/MP79149/a2866645-4b8f-46d9-aded-543624cf5236-monange-paixao-tentadora-locao-hidratante-400ml.png"
  },
  {
    "Item": "43",
    "Descrição": "DESOD LIQ LTE ROSAS (60ML)",
    "Quantidade": "4",
    "Unidade": "UNID",
    "Valor Unitário (R$)": "3.39",
    "Valor Total (R$)": "13.56",
    "Valor Venda (R$)": "7.00",
    "Vendido (QNTD)": 0,
    "Total Vendido (R$)": "0.00",
    "Lucro (R$)": "-13.56",
    "ESTOQUE ": 4,
    "A GANHAR (R$)": "28.00",
    "": "",
    "Imagem": "https://auravie.com.br/cdn/shop/files/Desodorante8.png?v=1753228732&width=2040"
  },
  {
    "Item": "44",
    "Descrição": "DESOD LIQ LTE ROSAS (100ML)",
    "Quantidade": "3",
    "Unidade": "UNID",
    "Valor Unitário (R$)": "4.99",
    "Valor Total (R$)": "14.97",
    "Valor Venda (R$)": "10.00",
    "Vendido (QNTD)": 0,
    "Total Vendido (R$)": "0.00",
    "Lucro (R$)": "-14.97",
    "ESTOQUE ": 3,
    "A GANHAR (R$)": "30.00",
    "": "",
    "Imagem": "https://negrarosaloja.vtexassets.com/arquivos/ids/156980/carrossel-perfumados-sprays-rosa_02.jpg.jpg?v=638805041406270000"
  },
  {
    "Item": "45",
    "Descrição": "ESPONJA COMUM",
    "Quantidade": "1",
    "Unidade": "UNID",
    "Valor Unitário (R$)": "2.50",
    "Valor Total (R$)": "2.50",
    "Valor Venda (R$)": "5.00",
    "Vendido (QNTD)": 1,
    "Total Vendido (R$)": "5.00",
    "Lucro (R$)": "2.50",
    "ESTOQUE ": 0,
    "A GANHAR (R$)": "0.00",
    "": "",
    "Imagem": "https://cdn.shopify.com/s/files/1/0396/5763/5994/files/esponja_ultra_agua_8024953f-5117-4332-ae10-9514836faf05.png?v=1734308606"
  },
  {
    "Item": "46",
    "Descrição": "ESPONJA LUA E NEVE",
    "Quantidade": "3",
    "Unidade": "UNID",
    "Valor Unitário (R$)": "5.00",
    "Valor Total (R$)": "15.00",
    "Valor Venda (R$)": "10.00",
    "Vendido (QNTD)": 2,
    "Total Vendido (R$)": "20.00",
    "Lucro (R$)": "5.00",
    "ESTOQUE ": 1,
    "A GANHAR (R$)": "10.00",
    "": "",
    "Imagem": "https://res.cloudinary.com/beleza-na-web/image/upload/w_1500,f_auto,fl_progressive,q_auto:eco,w_1800,c_limit/e_trim/v1/imagens/product/MP284963/432fe118-f4b8-4306-9bde-7cb1732c074e-mp284963-esponja-para-maquiagem-lua-e-neve-gota.png"
  },
  {
    "Item": "47",
    "Descrição": "ESFOLIANTE CORPORAL PORAN (250g)",
    "Quantidade": 2,
    "Unidade": "UNID ",
    "Valor Unitário (R$)": "12.04",
    "Valor Total (R$)": "12.04",
    "Valor Venda (R$)": "20.00",
    "Vendido (QNTD)": 2,
    "Total Vendido (R$)": "40.00",
    "Lucro (R$)": "7.96",
    "ESTOQUE ": 0,
    "A GANHAR (R$)": "0.00",
    "": "",
    "Imagem": "https://drogariaspacheco.vteximg.com.br/arquivos/ids/1671857/Care-Liss-Po-Descolorante-Proteinas-da-Soja-300g.jpg?v=638986365629670000"
  },
  {
    "Item": "48",
    "Descrição": "BLUSH LUA E NEVE",
    "Quantidade": 1,
    "Unidade": "UNID",
    "Valor Unitário (R$)": 8.03,
    "Valor Total (R$)": "8.03",
    "Valor Venda (R$)": 18,
    "Vendido (QNTD)": 0,
    "Total Vendido (R$)": "0.00",
    "Lucro (R$)": "-8.03",
    "ESTOQUE ": 1,
    "A GANHAR (R$)": "18.00",
    "": "",
    "Imagem": "https://i.pinimg.com/originals/03/90/11/0390118786024c26a6e822610c6e8f61.png"
  },
  {
    "Item": "49",
    "Descrição": "PO COMPACTO DAPOP",
    "Quantidade": 2,
    "Unidade": "UNID",
    "Valor Unitário (R$)": 6.42,
    "Valor Total (R$)": "12.84",
    "Valor Venda (R$)": 13,
    "Vendido (QNTD)": 1,
    "Total Vendido (R$)": "13.00",
    "Lucro (R$)": "0.16",
    "ESTOQUE ": 1,
    "A GANHAR (R$)": "13.00",
    "": "",
    "Imagem": "https://acdn-us.mitiendanube.com/stores/001/684/112/products/d5f7f1f3ea0beeed2fd1a7726810d346-87a92cb8d4790c84ce17210893213413-1024-1024.jpg"
  },
  {
    "Item": "50",
    "Descrição": "CORRETIVO LUA E NEVE",
    "Quantidade": 1,
    "Unidade": "UNID",
    "Valor Unitário (R$)": 8.83,
    "Valor Total (R$)": "8.83",
    "Valor Venda (R$)": 13,
    "Vendido (QNTD)": 0,
    "Total Vendido (R$)": "0.00",
    "Lucro (R$)": "-8.83",
    "ESTOQUE ": 1,
    "A GANHAR (R$)": "13.00",
    "": "",
    "Imagem": "https://lojaodamulher.com.br/wp-content/uploads/2024/02/whatsapp-image-2023-12-13-at-12-08-photoroom-1-.png"
  },
  {
    "Item": "51",
    "Descrição": "BATOM FOSCO FENZZA",
    "Quantidade": "7",
    "Unidade": "UNID",
    "Valor Unitário (R$)": "4.00",
    "Valor Total (R$)": "28.00",
    "Valor Venda (R$)": "10.00",
    "Vendido (QNTD)": 1,
    "Total Vendido (R$)": "10.00",
    "Lucro (R$)": "-18.00",
    "ESTOQUE ": 6,
    "A GANHAR (R$)": "60.00",
    "": "",
    "Imagem": "https://lojaodamulher.com.br/wp-content/uploads/2024/02/IQH0wNN.png"
  },
  {
    "Item": "52",
    "Descrição": "KIT NAVALHA ",
    "Quantidade": "3",
    "Unidade": "UNID",
    "Valor Unitário (R$)": "5.00",
    "Valor Total (R$)": "15.00",
    "Valor Venda (R$)": "10.00",
    "Vendido (QNTD)": 1,
    "Total Vendido (R$)": "10.00",
    "Lucro (R$)": "-5.00",
    "ESTOQUE ": 2,
    "A GANHAR (R$)": "20.00",
    "": "",
    "Imagem": "https://acdn-us.mitiendanube.com/stores/844/547/products/8049c01f937d397b5c54b086ec4512ff-d142c3cd1dd22327b017259110013059-1024-1024.jpg"
  },
  {
    "Item": "53",
    "Descrição": "SABONETE DEMAQUILANTE POS MAKE",
    "Quantidade": "2",
    "Unidade": "UNID",
    "Valor Unitário (R$)": "6.00",
    "Valor Total (R$)": "12.00",
    "Valor Venda (R$)": "13.00",
    "Vendido (QNTD)": 1,
    "Total Vendido (R$)": "13.00",
    "Lucro (R$)": "1.00",
    "ESTOQUE ": 1,
    "A GANHAR (R$)": "13.00",
    "": "",
    "Imagem": "https://static.dotcosmeticos.com.br/media/catalog/product/cache/1/image/2200x/040ec09b1e35df139433887a97daa66f/l/a/labotrat-sabonete-facial-demaquilante-100ml-dot.jpg"
  },
  {
    "Item": "54",
    "Descrição": "CREME CORPORAL MELANCIA (100G)",
    "Quantidade": "1",
    "Unidade": "UNID",
    "Valor Unitário (R$)": "6.90",
    "Valor Total (R$)": "6.90",
    "Valor Venda (R$)": "13.00",
    "Vendido (QNTD)": 0,
    "Total Vendido (R$)": "0.00",
    "Lucro (R$)": "-6.90",
    "ESTOQUE ": 1,
    "A GANHAR (R$)": "13.00",
    "": "",
    "Imagem": "https://cdn.awsli.com.br/600x450/1874/1874530/produto/379041512/3d1dfc7cffbe8d30969513779fcf192e-6jnmadg969.jpg"
  },
  {
    "Item": "55",
    "Descrição": "CREME CORPORAL MORANGO (100G)",
    "Quantidade": 1,
    "Unidade": "UNID",
    "Valor Unitário (R$)": 6.9,
    "Valor Total (R$)": "6.90",
    "Valor Venda (R$)": 13,
    "Vendido (QNTD)": 1,
    "Total Vendido (R$)": "13.00",
    "Lucro (R$)": "6.10",
    "ESTOQUE ": 0,
    "A GANHAR (R$)": "0.00",
    "": "",
    "Imagem": "https://cdn.awsli.com.br/2500x2500/1874/1874530/produto/379041514/117ee30cf24534c8d4fdd69154b74019-3k1unfo4yx.jpg"
  },
  {
    "Item": "56",
    "Descrição": "SABONETE BODY JOYCE",
    "Quantidade": 2,
    "Unidade": "UNID",
    "Valor Unitário (R$)": 7,
    "Valor Total (R$)": "14.00",
    "Valor Venda (R$)": 13,
    "Vendido (QNTD)": 1,
    "Total Vendido (R$)": "13.00",
    "Lucro (R$)": "-1.00",
    "ESTOQUE ": 1,
    "A GANHAR (R$)": "13.00",
    "": "",
    "Imagem": "https://eml-cosmetica.nl/wp-content/uploads/2024/10/Remove-background-project-2025-02-14T162751.025-600x600.png"
  },
  {
    "Item": "57",
    "Descrição": "ESFOLIANTE BODY JOYCE",
    "Quantidade": 2,
    "Unidade": "UNID",
    "Valor Unitário (R$)": 7,
    "Valor Total (R$)": "14.00",
    "Valor Venda (R$)": 13,
    "Vendido (QNTD)": 2,
    "Total Vendido (R$)": "26.00",
    "Lucro (R$)": "12.00",
    "ESTOQUE ": 0,
    "A GANHAR (R$)": "0.00",
    "": "",
    "Imagem": "https://i.ytimg.com/vi/Grmu10Niozg/hq720.jpg?sqp=-oaymwEhCK4FEIIDSFryq4qpAxMIARUAAAAAGAElAADIQj0AgKJD&rs=AOn4CLA4h3pLTaHfgyUEMGDrpoYK088-zA"
  },
  {
    "Item": "58",
    "Descrição": "DEO HIDRATANTE ",
    "Quantidade": "4",
    "Unidade": "UNID",
    "Valor Unitário (R$)": "8.99",
    "Valor Total (R$)": "35.96",
    "Valor Venda (R$)": "25.00",
    "Vendido (QNTD)": 0,
    "Total Vendido (R$)": "0.00",
    "Lucro (R$)": "-35.96",
    "ESTOQUE ": 4,
    "A GANHAR (R$)": "100.00",
    "": "",
    "Imagem": "https://m.media-amazon.com/images/I/41R79Qrd29L._AC_UF1000,1000_QL80_.jpg"
  },
  {
    "Item": "59",
    "Descrição": "NECESSAIRE",
    "Quantidade": 7,
    "Unidade": "UNID",
    "Valor Unitário (R$)": 5,
    "Valor Total (R$)": "35.00",
    "Valor Venda (R$)": 15,
    "Vendido (QNTD)": 1,
    "Total Vendido (R$)": "15.00",
    "Lucro (R$)": "-20.00",
    "ESTOQUE ": 6,
    "A GANHAR (R$)": "90.00",
    "": "",
    "Imagem": "https://necessaire.com/cdn/shop/files/01_TheBodyWashJumbo_FF.jpg?v=1758832448"
  },
  {
    "Item": "60",
    "Descrição": "PERFUME",
    "Quantidade": "2",
    "Unidade": "UNID",
    "Valor Unitário (R$)": "44.00",
    "Valor Total (R$)": "88.00",
    "Valor Venda (R$)": "85.00",
    "Vendido (QNTD)": 2,
    "Total Vendido (R$)": "170.00",
    "Lucro (R$)": "82.00",
    "ESTOQUE ": 0,
    "A GANHAR (R$)": "0.00",
    "": "",
    "Imagem": "https://m.media-amazon.com/images/I/61XudjcLXuL._AC_UF350,350_QL80_.jpg"
  },
  {
    "Item": "61",
    "Descrição": "BASE DA PAYOT",
    "Quantidade": "2",
    "Unidade": "UNID",
    "Valor Unitário (R$)": "44.10",
    "Valor Total (R$)": "88.20",
    "Valor Venda (R$)": "80.00",
    "Vendido (QNTD)": 2,
    "Total Vendido (R$)": "160.00",
    "Lucro (R$)": "71.80",
    "ESTOQUE ": 0,
    "A GANHAR (R$)": "0.00",
    "": "",
    "Imagem": "https://payottatix.vtexassets.com/arquivos/ids/161539/Base_Matte_Alta_Cobertura_1_312.jpg?v=638545981503570000"
  },
  {
    "Item": "62",
    "Descrição": "PO COMPACTO PLAY BOY",
    "Quantidade": "2",
    "Unidade": "UNID",
    "Valor Unitário (R$)": "16.00",
    "Valor Total (R$)": "32.00",
    "Valor Venda (R$)": "20.00",
    "Vendido (QNTD)": 2,
    "Total Vendido (R$)": "40.00",
    "Lucro (R$)": "8.00",
    "ESTOQUE ": 0,
    "A GANHAR (R$)": "0.00",
    "": "",
    "Imagem": "https://imageswscdn.wslojas.com.br/files/27181/PEQ_produto-po-compacto-lifestyle-playboy-beauty-65g-5817.png"
  },
  {
    "Item": "63",
    "Descrição": "OLEO DE ROSA MOSQUETA ",
    "Quantidade": "1",
    "Unidade": "UNID",
    "Valor Unitário (R$)": "15.00",
    "Valor Total (R$)": "15.00",
    "Valor Venda (R$)": "20.00",
    "Vendido (QNTD)": 1,
    "Total Vendido (R$)": "20.00",
    "Lucro (R$)": "5.00",
    "ESTOQUE ": 0,
    "A GANHAR (R$)": "0.00",
    "": "",
    "Imagem": "https://m.magazineluiza.com.br/a-static/420x420/oleo-de-rosa-mosqueta-farmax-100ml-produto-original/natuspro/15846801802/44ceb427b9233d23eed9ab1164ab86b4.jpeg"
  },
  {
    "Item": "64",
    "Descrição": "HIDRATANTE DE CORPO ALLEVA",
    "Quantidade": "1",
    "Unidade": "UNID",
    "Valor Unitário (R$)": "10.00",
    "Valor Total (R$)": "10.00",
    "Valor Venda (R$)": "15.00",
    "Vendido (QNTD)": 1,
    "Total Vendido (R$)": "15.00",
    "Lucro (R$)": "5.00",
    "ESTOQUE ": 0,
    "A GANHAR (R$)": "0.00",
    "": "",
    "Imagem": "https://images.tcdn.com.br/img/img_prod/1216635/hidratante_corpo_e_rosto_fresh_vanilla_alleva_200ml_19571_1_e405b496371f465a1cf47f1c17cfadb6.jpg"
  },
  {
    "Item": "65",
    "Descrição": "PALETA DE SOMBRA DA RUBY",
    "Quantidade": "1",
    "Unidade": "UNID",
    "Valor Unitário (R$)": "12.75",
    "Valor Total (R$)": "12.75",
    "Valor Venda (R$)": "20.00",
    "Vendido (QNTD)": 1,
    "Total Vendido (R$)": "20.00",
    "Lucro (R$)": "7.25",
    "ESTOQUE ": 0,
    "A GANHAR (R$)": "0.00",
    "": "",
    "Imagem": "https://cdn.awsli.com.br/2500x2500/2314/2314809/produto/148919933/paleta--6--feoqhfn0qf.png"
  },
  {
    "Item": 67,
    "Descrição": "BATOM DUO KISS",
    "Quantidade": 2,
    "Valor Unitário (R$)": "12.00",
    "Valor Venda (R$)": "20.00",
    "Vendido (QNTD)": 2,
    "Valor Total (R$)": "24.00",
    "ESTOQUE ": 0,
    "A GANHAR (R$)": "0.00",
    "Total Vendido (R$)": "40.00",
    "Lucro (R$)": "16.00"
  },
  {
    "Item": 68,
    "Descrição": "Espelho de Mão",
    "Quantidade": 1,
    "Valor Unitário (R$)": "11.90",
    "Valor Venda (R$)": "20.00",
    "Vendido (QNTD)": 1,
    "Valor Total (R$)": "11.90",
    "ESTOQUE ": 0,
    "A GANHAR (R$)": "0.00",
    "Total Vendido (R$)": "20.00",
    "Lucro (R$)": "8.10"
  },
  {
    "Item": 69,
    "Descrição": "Reparador de pontas FEMME",
    "Quantidade": 2,
    "Vendido (QNTD)": 1,
    "Valor Venda (R$)": 19.99,
    "Valor Unitário (R$)": 12,
    "Imagem": "https://s11.aconvert.com/convert/p3r68-cdx67/664x8-ttgb3.jpg",
    "ESTOQUE ": 1,
    "A GANHAR (R$)": "19.99",
    "Total Vendido (R$)": "19.99",
    "Valor Total (R$)": "24.00",
    "Lucro (R$)": "-4.01"
  },
  {
    "Item": 70,
    "Descrição": "RELOGIO MASCULINO VERMELHO —  PROVA DÁGUA + GARANTIA",
    "Quantidade": 1,
    "Vendido (QNTD)": 0,
    "Valor Venda (R$)": 70,
    "Valor Unitário (R$)": 20,
    "Imagem": "/uploads/1763680877969-455798327.jpg",
    "ESTOQUE ": 1,
    "A GANHAR (R$)": "70.00",
    "Total Vendido (R$)": "0.00",
    "Valor Total (R$)": "20.00",
    "Lucro (R$)": "-20.00"
  },
  {
    "Item": 71,
    "Descrição": "RELOGIO MASCULINO PRETO —  PROVA DÁGUA + GARANTIA",
    "Quantidade": 1,
    "Vendido (QNTD)": 0,
    "Valor Venda (R$)": 70,
    "Valor Unitário (R$)": 20,
    "Imagem": "/uploads/1763681052985-398938698.jpg",
    "ESTOQUE ": 1,
    "A GANHAR (R$)": "70.00",
    "Total Vendido (R$)": "0.00",
    "Valor Total (R$)": "20.00",
    "Lucro (R$)": "-20.00"
  },
  {
    "Item": 72,
    "Descrição": "RELOGIO MASCULINO AZUL —  PROVA DÁGUA + GARANTIA",
    "Quantidade": 1,
    "Vendido (QNTD)": 0,
    "Valor Venda (R$)": 70,
    "Valor Unitário (R$)": 20,
    "Imagem": "/uploads/1763681081927-518699876.jpg",
    "ESTOQUE ": 1,
    "A GANHAR (R$)": "70.00",
    "Total Vendido (R$)": "0.00",
    "Valor Total (R$)": "20.00",
    "Lucro (R$)": "-20.00"
  },
  {
    "Item": 73,
    "Descrição": "RELOGIO UNISSEX ROSA ",
    "Quantidade": 1,
    "Vendido (QNTD)": 0,
    "Valor Venda (R$)": 30,
    "Valor Unitário (R$)": 10,
    "Imagem": "/uploads/1763681197800-810408345.jpg",
    "ESTOQUE ": 1,
    "A GANHAR (R$)": "30.00",
    "Total Vendido (R$)": "0.00",
    "Valor Total (R$)": "10.00",
    "Lucro (R$)": "-10.00"
  },
  {
    "Item": 74,
    "Descrição": "RELOGIO UNISSEX AZUL",
    "Quantidade": 1,
    "Vendido (QNTD)": 0,
    "Valor Venda (R$)": 30,
    "Valor Unitário (R$)": 10,
    "Imagem": "/uploads/1763681240377-9248630.jpg",
    "ESTOQUE ": 1,
    "A GANHAR (R$)": "30.00",
    "Total Vendido (R$)": "0.00",
    "Valor Total (R$)": "10.00",
    "Lucro (R$)": "-10.00"
  },
  {
    "Item": 75,
    "Descrição": "RELOGIO UNISSEX ROXO",
    "Quantidade": 1,
    "Vendido (QNTD)": 0,
    "Valor Venda (R$)": 30,
    "Valor Unitário (R$)": 20,
    "Imagem": "/uploads/1763681274721-254627303.jpg",
    "ESTOQUE ": 1,
    "A GANHAR (R$)": "30.00",
    "Total Vendido (R$)": "0.00",
    "Valor Total (R$)": "20.00",
    "Lucro (R$)": "-20.00"
  },
  {
    "Item": 76,
    "Descrição": "RELOGIO UNISSEX MARROM ",
    "Quantidade": 1,
    "Vendido (QNTD)": 0,
    "Valor Venda (R$)": 30,
    "Valor Unitário (R$)": 10,
    "Imagem": "/uploads/1763681313990-439712599.jpg",
    "ESTOQUE ": 1,
    "A GANHAR (R$)": "30.00",
    "Total Vendido (R$)": "0.00",
    "Valor Total (R$)": "10.00",
    "Lucro (R$)": "-10.00"
  },
  {
    "Item": 77,
    "Descrição": "CILIOS N° 14",
    "Quantidade": 1,
    "Vendido (QNTD)": 1,
    "Valor Venda (R$)": 10,
    "Valor Unitário (R$)": 7,
    "Imagem": "",
    "ESTOQUE ": 0,
    "A GANHAR (R$)": "0.00",
    "Total Vendido (R$)": "10.00",
    "Valor Total (R$)": "7.00",
    "Lucro (R$)": "3.00"
  }
]